[
    {
        "port": {
            "hw_addr": "52:77:24:9a:51:b2",
            "name": "s1-eth1",
            "port_no": "00000001",
            "dpid": "0000000000000001"
        },
        "mac": "00:00:00:00:00:01",
        "ipv4": [
            "10.0.0.1"
        ],
        "ipv6": []
    },
    {
        "port": {
            "hw_addr": "36:0d:c0:90:1c:f9",
            "name": "s1-eth4",
            "port_no": "00000004",
            "dpid": "0000000000000001"
        },
        "mac": "82:98:2e:46:ee:97",
        "ipv4": [
            "10.0.0.4"
        ],
        "ipv6": []
    },
    {
        "port": {
            "hw_addr": "ea:b0:ac:f4:df:b4",
            "name": "s1-eth3",
            "port_no": "00000003",
            "dpid": "0000000000000001"
        },
        "mac": "ba:d2:bc:9d:61:d0",
        "ipv4": [
            "10.0.0.3"
        ],
        "ipv6": []
    },
    {
        "port": {
            "hw_addr": "ba:c0:e3:a0:23:6b",
            "name": "s1-eth2",
            "port_no": "00000002",
            "dpid": "0000000000000001"
        },
        "mac": "da:40:9f:40:1c:0d",
        "ipv4": [
            "10.0.0.2"
        ],
        "ipv6": []
    }
]