[
    {
        "ports": [
            {
                "hw_addr": "52:77:24:9a:51:b2",
                "name": "s1-eth1",
                "port_no": "00000001",
                "dpid": "0000000000000001"
            },
            {
                "hw_addr": "ba:c0:e3:a0:23:6b",
                "name": "s1-eth2",
                "port_no": "00000002",
                "dpid": "0000000000000001"
            },
            {
                "hw_addr": "ea:b0:ac:f4:df:b4",
                "name": "s1-eth3",
                "port_no": "00000003",
                "dpid": "0000000000000001"
            },
            {
                "hw_addr": "36:0d:c0:90:1c:f9",
                "name": "s1-eth4",
                "port_no": "00000004",
                "dpid": "0000000000000001"
            }
        ],
        "dpid": "0000000000000001"
    }
]